id,name,model_id:id,group_id:id,perm_read,perm_write,perm_create,perm_unlink
access_l10n_no_skattemelding_user,l10n.no.skattemelding.user,model_l10n_no_skattemelding,account.group_account_user,1,0,0,0
access_l10n_no_skattemelding_manager,l10n.no.skattemelding.manager,model_l10n_no_skattemelding,account.group_account_manager,1,1,1,1
access_l10n_no_skattemelding_kodetype_user,l10n.no.skattemelding.kodetype.user,model_l10n_no_skattemelding_kodetype,account.group_account_user,1,0,0,0
access_l10n_no_skattemelding_kodetype_manager,l10n.no.skattemelding.kodetype.manager,model_l10n_no_skattemelding_kodetype,account.group_account_manager,1,1,1,1
access_l10n_no_skattemelding_submit_confirm,l10n.no.skattemelding.submit.confirm.user,model_l10n_no_skattemelding_submit_confirm,account.group_account_user,1,1,1,1
access_l10n_no_skattemelding_anleggsmiddel_user,l10n.no.skattemelding.anleggsmiddel.user,model_l10n_no_skattemelding_anleggsmiddel,account.group_account_user,1,0,0,0
access_l10n_no_skattemelding_anleggsmiddel_manager,l10n.no.skattemelding.anleggsmiddel.manager,model_l10n_no_skattemelding_anleggsmiddel,account.group_account_manager,1,1,1,1
access_l10n_no_skattemelding_forskjell_user,l10n.no.skattemelding.forskjell.user,model_l10n_no_skattemelding_forskjell,account.group_account_user,1,0,0,0
access_l10n_no_skattemelding_forskjell_manager,l10n.no.skattemelding.forskjell.manager,model_l10n_no_skattemelding_forskjell,account.group_account_manager,1,1,1,1
